year,country,cpi,inflation,gdp,ctry_temp ,prec,glob_temp,CO2
1961,brn,0,0,0,30.55,2682.3,0.06,
1962,brn,0,0,0,30.2,3502.8,0.03,
1963,brn,0,0,0,30.11,3156.73,0.05,
1964,brn,0,0,0,30.36,2827.25,0.2,
1965,brn,0,0,1059,30.3,3476.85,0.11,
1966,brn,0,0,1179.05,30.67,3351.18,0.06,
1967,brn,0,0,1181.94,30.47,3146.21,0.02,
1968,brn,0,0,1309.98,30.48,2821.93,0.08,
1969,brn,0,0,1259.34,30.55,2935.61,0.05,
1970,brn,0,0,1342.99,30.43,3022.58,0.03,
1971,brn,0,0,1424.47,30.57,3093.26,0.08,
1972,brn,0,0,1882.2,31.08,2631.2,0.01,
1973,brn,0,0,2905.41,31.01,3318.45,0.16,
1974,brn,0,0,6957.19,30.6,3341.83,0.07,
1975,brn,0,0,7317.77,30.69,3112.37,0.01,
1976,brn,0,0,8621.12,30.28,2848.76,0.1,
1977,brn,49.4,0,10159.01,30.3,3276.9,0.18,
1978,brn,0,0,11020.68,30.61,2405.38,0.07,
1979,brn,0,0,15409.83,30.72,3282.93,0.16,
1980,brn,58.39,0,26228.08,30.79,3335.36,0.26,
1981,brn,63.72,9.14,22494.86,30.99,3587,0.32,
1982,brn,67.77,6.36,21254.06,31.06,2778.48,0.14,
1983,brn,68.56,1.17,18526.29,31.22,3037.34,0.31,
1984,brn,70.67,3.07,17619.33,30.41,3751.04,0.16,
1985,brn,72.34,2.35,15863.26,30.73,3059.5,0.12,
1986,brn,73.62,1.78,10262.93,30.68,3164.55,0.18,
1987,brn,74.54,1.25,11587.49,30.96,2623.65,0.32,
1988,brn,75.43,1.19,10949.8,30.67,3901.72,0.39,
1989,brn,76.41,1.3,11762.35,30.62,2882.44,0.27,
1990,brn,78.05,2.14,13440.67,30.98,2556.29,0.45,12.45
1991,brn,79.3,1.6,13717.39,30.83,2581.59,0.4,12.54
1992,brn,80.31,1.28,15080.72,30.88,2456.84,0.22,12.92
1993,brn,83.73,4.25,14420.59,30.75,2642.56,0.23,13.8
1994,brn,85.79,2.46,14000.45,30.82,2777.29,0.31,14.61
1995,brn,90.91,5.97,15827.99,30.7,3306.6,0.45,15.38
1996,brn,92.72,2,16706.47,30.63,3512.46,0.33,15.77
1997,brn,94.31,1.71,16593.43,31.02,2745.73,0.46,16.68
1998,brn,93.89,0.44,12653.81,31.27,2794.69,0.61,14.11
1999,brn,93.5,0.42,14065.7,30.87,3854.86,0.38,13.55
2000,brn,94.96,1.56,17971.89,30.96,3632.07,0.39,14.13
2001,brn,95.53,0.6,16437.42,31.07,3409.16,0.53,13.82
2002,brn,93.31,2.31,16817.24,31.22,2743.31,0.63,13.3
2003,brn,93.59,0.3,18521.37,30.96,3070.88,0.62,15.58
2004,brn,94.36,0.81,21839.26,30.92,2768.12,0.53,14.16
2005,brn,95.53,1.24,25991.21,31.08,3234.08,0.68,13.61
2006,brn,95.68,0.16,30767.75,31.02,3528.55,0.64,20.17
2007,brn,96.61,0.97,32337.27,30.85,3585.94,0.66,18.86
2008,brn,98.62,2.08,37427.54,30.63,4027.02,0.54,20.58
2009,brn,99.64,1.04,27497.55,31.06,3635.22,0.66,20.17
2010,brn,100,0.36,34609.71,30.97,3872.29,0.72,18.11
2011,brn,100.14,0.14,46139.11,30.92,3821.04,0.61,18.26
2012,brn,100.25,0.11,46844.2,31.25,3356.61,0.65,17.95
2013,brn,100.64,0.39,43950.05,31.29,3472.45,0.68,17.51
2014,brn,100.43,0.21,41035.78,31.1,3203.68,0.74,16.99
2015,brn,99.94,0.49,30681.43,31.36,2862.4,0.9,15.18
2016,brn,99.66,0.28,26762.04,31.65,2552.39,1.02,16.36
2017,brn,98.41,1.26,28186.99,31.3,3853.43,0.92,16.94
2018,brn,99.42,1.03,31240.5,31.47,3621.08,0.85,17.36
2019,brn,99.03,0.39,30748.31,31.6,2971.42,0.98,16.11
2020,brn,100.95,1.94,27179.35,31.49,3655.16,1.01,21.71
2021,brn,102.7,1.73,31448.91,31.42,3622.15,0.85,
2022,brn,106.48,3.68,37152.48,31.22,4029.16,0.89,
1961,cam,0,0,113.49,31.42,2195.56,0.06,
1962,cam,0,0,114.01,31.45,2050.69,0.03,
1963,cam,0,0,123.2,31.47,1864.6,0.05,
1964,cam,0,0,129.59,31.3,1918.36,0.2,
1965,cam,0,0,140.76,31.37,1665.29,0.11,
1966,cam,0,0,145.14,31.69,2098.97,0.06,
1967,cam,0,0,149.83,31.1,1642.41,0.02,
1968,cam,0,0,162.63,31.53,1689.28,0.08,
1969,cam,0,0,146.54,31.61,1762.96,0.05,
1970,cam,0,0,107.09,31.31,1817.62,0.03,
1971,cam,0,0,144.84,30.83,1721.39,0.08,
1972,cam,0,0,74.72,31.44,2145.02,0.01,
1973,cam,0,0,102.58,31.58,1447.98,0.16,
1974,cam,0,0,85.12,31.02,2138.48,0.07,
1975,cam,0,0,0,31.07,1867.25,0.01,
1976,cam,0,0,0,31.18,1825.54,0.1,
1977,cam,0,0,0,31.69,1584.16,0.18,
1978,cam,0,0,0,31.6,2050.77,0.07,
1979,cam,0,0,0,32.15,1835.41,0.16,
1980,cam,0,0,0,31.66,1866.91,0.26,
1981,cam,0,0,0,30.96,1769.84,0.32,
1982,cam,0,0,0,31.09,1887.63,0.14,
1983,cam,0,0,0,31.41,1843.61,0.31,
1984,cam,0,0,0,31.1,2037.49,0.16,
1985,cam,0,0,0,31.12,1836.98,0.12,
1986,cam,0,0,0,31.15,2003.85,0.18,
1987,cam,0,0,0,32.03,1767.14,0.32,
1988,cam,0,0,0,31.71,1772.55,0.39,
1989,cam,0,0,0,31.84,1717.64,0.27,
1990,cam,0,0,0,32.15,1965.36,0.45,0.14
1991,cam,0,0,0,32.16,1754.49,0.4,0.14
1992,cam,0,0,0,31.95,1591.63,0.22,0.14
1993,cam,0,0,247.35,31.91,1364.86,0.23,0.14
1994,cam,44.87,0,262.44,31.94,2023.51,0.31,0.13
1995,cam,44.51,0.8,315.14,31.92,1658.42,0.45,0.13
1996,cam,47.69,7.15,313.58,31.43,2001.46,0.33,0.14
1997,cam,51.49,7.96,301.22,32.12,1850.1,0.46,0.14
1998,cam,59.11,14.81,267.41,32.69,1703.49,0.61,0.16
1999,cam,61.48,4.01,295.59,31.24,2101.29,0.38,0.16
2000,cam,61,0.79,301.52,31.58,2010.1,0.39,0.16
2001,cam,60.63,0.6,322.9,31.78,2140.84,0.53,0.17
2002,cam,60.76,0.21,341.04,31.98,1999.03,0.63,0.18
2003,cam,61.33,0.94,364.28,32.04,1728.87,0.62,0.19
2004,cam,63.98,4.32,410.09,31.95,1737.54,0.53,0.18
2005,cam,68.21,6.62,475.07,31.78,1813.5,0.68,0.2
2006,cam,72.17,5.81,539.75,31.89,2115.55,0.64,0.22
2007,cam,78.46,8.71,629.92,31.71,2090.33,0.66,0.27
2008,cam,97.37,24.1,742.4,31.26,1780.29,0.54,0.29
2009,cam,96.16,1.24,734.82,31.78,1852.78,0.66,0.34
2010,cam,100,4,782.7,32.26,1569.24,0.72,0.36
2011,cam,105.48,5.48,880.31,31.23,2173.05,0.61,0.37
2012,cam,108.57,2.93,950.48,32.09,1859.71,0.65,0.38
2013,cam,111.77,2.94,1015.22,31.66,1962.46,0.68,0.38
2014,cam,116.08,3.86,1098.07,31.93,1807.16,0.74,0.46
2015,cam,117.5,1.22,1170.74,32.35,1457.79,0.9,0.55
2016,cam,121.04,3.02,1281.11,32.41,1647.03,1.02,0.71
2017,cam,124.57,2.91,1400.9,31.75,2011.63,0.92,0.8
2018,cam,127.63,2.46,1533.32,31.79,1790.62,0.85,0.85
2019,cam,130.11,1.94,1671.39,32.59,1805.67,0.98,1.12
2020,cam,133.94,2.94,1577.91,32.34,1721.41,1.01,1.14
2021,cam,137.85,2.92,1625.24,31.86,2037.94,0.85,
2022,cam,145.22,5.34,1759.61,31.55,2255.27,0.89,
1961,ind,0,13.69,0,30.1,2478.44,0.06,
1962,ind,0,131.4,0,29.95,2939.19,0.03,
1963,ind,0,145.91,0,30.1,2413.88,0.05,
1964,ind,0,108.99,0,30.05,2940.43,0.2,
1965,ind,0.02,306.76,0,30.08,2395.9,0.11,
1966,ind,0.19,1136.25,0,30.2,2756.03,0.06,
1967,ind,0.39,106,53.34,30.05,2486.93,0.02,
1968,ind,0.89,128.84,64.84,30.11,2832.99,0.08,
1969,ind,1.03,15.48,74.34,30.34,2654.68,0.05,
1970,Ind,1.16,12.4,79.41,30.27,2965.82,0.03,
1971,ind,1.2,4.23,78.87,30.04,2899.9,0.08,
1972,ind,1.28,6.52,90.51,30.44,2237.01,0.01,
1973,ind,1.68,31.04,130.49,30.45,3083.36,0.16,
1974,ind,2.36,40.49,201.67,30.19,2727.83,0.07,
1975,ind,2.81,19.17,232.17,30.23,3028.87,0.01,
1976,ind,3.37,19.83,277.05,30.11,2518.23,0.1,
1977,ind,3.74,11.05,332.28,30.15,2712.81,0.18,
1978,ind,4.05,8.11,364.29,30.19,2926.81,0.07,
1979,ind,4.71,16.23,355.24,30.36,2627.04,0.16,
1980,ind,5.55,18.04,489.16,30.34,2701,0.26,
1981,ind,6.24,12.27,563.78,30.39,2852.42,0.32,
1982,ind,6.82,9.45,580.81,30.46,2272.71,0.14,
1983,ind,7.63,11.8,510.43,30.52,2711.33,0.31,
1984,ind,8.43,10.46,522.72,29.97,3030.69,0.16,
1985,ind,8.83,4.72,514.44,30.25,2792.49,0.12,
1986,ind,9.34,5.82,472.72,30.3,2800.37,0.18,
1987,ind,10.21,9.28,440.37,30.52,2503.03,0.32,
1988,ind,11.03,8.05,479.81,30.33,2938.02,0.39,
1989,ind,11.74,6.42,527.81,30.22,2864.98,0.27,
1990,ind,12.65,7.82,582.68,30.54,2597.99,0.45,0.81
1991,ind,13.84,9.42,629.16,30.45,2457.19,0.4,0.88
1992,ind,14.89,7.52,678.98,30.43,2663.14,0.22,0.91
1993,ind,16.33,9.67,824.08,30.36,2571.08,0.23,0.97
1994,ind,17.72,8.53,907.47,30.38,2532.01,0.31,1.02
1995,ind,19.39,9.42,1020.15,30.38,2926.12,0.45,1.13
1996,ind,20.93,7.97,1129.09,30.41,2827.06,0.33,1.18
1997,ind,22.24,6.23,1054.35,30.57,2265.26,0.46,1.28
1998,ind,35.23,58.45,459.19,30.78,2867.93,0.61,1.26
1999,ind,42.45,20.48,663.52,30.39,2907.99,0.38,1.32
2000,ind,44.02,3.69,770.87,30.46,2925.48,0.39,1.31
2001,ind,49.08,11.5,739,30.51,2864.07,0.53,1.39
2002,ind,54.92,11.9,888.9,30.71,2584.74,0.63,1.39
2003,ind,58.63,6.76,1052.41,30.53,2876.96,0.62,1.5
2004,ind,62.18,6.06,1136.76,30.56,2627.12,0.53,1.51
2005,ind,68.68,10.45,1249.4,30.53,2731.2,0.68,1.5
2006,ind,77.69,13.11,1572.8,30.44,2641.45,0.64,1.57
2007,ind,82.67,6.41,1840.33,30.35,2855.85,0.66,1.62
2008,ind,91.12,10.23,2144.39,30.25,2997.08,0.54,1.58
2009,ind,95.12,4.39,2239.1,30.52,2761.9,0.66,1.62
2010,ind,100,5.13,3094.44,30.56,3275.81,0.72,1.7
2011,ind,105.36,5.36,3613.8,30.38,2898.47,0.61,1.93
2012,ind,109.86,4.28,3668.21,30.53,2853.46,0.65,1.93
2013,ind,116.91,6.41,3602.89,30.59,2897.18,0.68,1.77
2014,ind,124.39,6.39,3476.62,30.59,2590.38,0.74,1.89
2015,ind,132.3,6.36,3322.58,30.68,2471.77,0.9,1.89
2016,ind,136.97,3.53,3558.82,30.72,2945.2,1.02,1.85
2017,ind,142.18,3.81,3839.79,30.58,3014.67,0.92,1.95
2018,ind,146.73,3.2,3902.66,30.68,2811.7,0.85,2.13
2019,ind,151.18,3.03,4151.23,30.81,2500.53,0.98,2.25
2020,ind,154.08,1.92,3895.62,30.78,2982.69,1.01,2.07
2021,ind,156.48,1.56,4334.22,30.61,3074.24,0.85,
2022,ind,163.07,4.21,4788,30.56,3148.52,0.89,
1961,lao,0,0,0,28.71,2038.64,0.06,
1962,lao,0,0,0,28.6,1754.21,0.03,
1963,lao,0,0,0,28.67,1938.06,0.05,
1964,lao,0,0,0,28.45,1957.65,0.2,
1965,lao,0,0,0,28.73,1703.69,0.11,
1966,lao,0,0,0,29.08,1933.85,0.06,
1967,lao,0,0,0,28.26,1635.22,0.02,
1968,lao,0,0,0,28.71,1671.9,0.08,
1969,lao,0,0,0,28.94,1703.4,0.05,
1970,lao,0,0,0,28.43,1956.4,0.03,
1971,lao,0,0,0,27.87,1949.1,0.08,
1972,lao,0,0,0,28.55,1899.44,0.01,
1973,lao,0,0,0,28.78,1637.36,0.16,
1974,lao,0,0,0,28.2,1960.64,0.07,
1975,lao,0,0,0,28.44,1955.96,0.01,
1976,lao,0,0,0,28.31,1743.48,0.1,
1977,lao,0,0,0,28.48,1631.84,0.18,
1978,lao,0,0,0,28.66,2042.67,0.07,
1979,lao,0,0,0,29.43,1563.56,0.16,
1980,lao,0,0,0,29.18,1872.82,0.26,
1981,lao,0,0,0,28.27,1893.44,0.32,
1982,lao,0,0,0,28.35,1774.92,0.14,
1983,lao,0,0,0,28.74,1776.08,0.31,
1984,lao,0,0,482.74,28.39,1915.37,0.16,
1985,lao,0,0,632.53,28.25,1778.83,0.12,
1986,lao,0,0,461.71,28.46,1989.15,0.18,
1987,lao,0,0,274.58,29.22,1644.01,0.32,
1988,lao,1.68,0,146.99,28.86,1706.42,0.39,
1989,lao,2.71,61.33,170.27,28.95,1666.42,0.27,
1990,lao,3.67,35.64,200.62,29.02,2045.83,0.45,0.12
1991,lao,4.16,13.44,231.7,29.3,1682.84,0.4,0.12
1992,lao,4.57,9.86,247.27,28.94,1704.4,0.22,0.13
1993,lao,4.86,6.27,283.39,29.05,1401.34,0.23,0.13
1994,lao,5.19,6.78,321.05,29.02,1956.02,0.31,0.13
1995,lao,6.21,19.59,357.9,28.87,1804.43,0.45,0.14
1996,lao,7.02,13.02,371.47,28.41,1991.5,0.33,0.15
1997,lao,8.95,27.51,339.19,29.08,1759.69,0.46,0.16
1998,lao,17.09,90.98,243.99,29.97,1655.74,0.61,0.16
1999,lao,38.49,125.27,272.36,28.47,2034.64,0.38,0.16
2000,lao,48.14,25.08,318.77,28.66,1854.56,0.39,0.17
2001,lao,51.91,7.81,320.42,28.76,2091.3,0.53,0.18
2002,lao,57.42,10.63,313.62,28.86,2145.69,0.63,0.2
2003,lao,66.32,15.49,355.65,28.97,1628.67,0.62,0.2
2004,lao,73.26,10.46,410.25,28.85,1762.78,0.53,0.21
2005,lao,78.51,7.17,467.38,29.06,1911.04,0.68,0.21
2006,lao,83.64,6.55,581.01,29.12,1915.64,0.64,0.28
2007,lao,87.54,4.66,699.04,28.82,1857.64,0.66,0.29
2008,lao,94.22,7.63,887.64,28.2,2129.78,0.54,0.33
2009,lao,94.36,0.14,936.79,29.09,1667.68,0.66,0.41
2010,lao,100,5.98,1127.84,29.66,1777.61,0.72,0.45
2011,lao,107.57,7.57,1363.73,28.03,2192.03,0.61,0.47
2012,lao,112.15,4.26,1566.01,29.39,1867.34,0.65,0.5
2013,lao,119.29,6.37,1815.44,28.92,2066.34,0.68,0.63
2014,lao,124.22,4.13,1984.51,29.22,1555.54,0.74,0.65
2015,lao,125.8,1.28,2125.46,29.59,1567.26,0.9,1.31
2016,lao,127.81,1.6,2309.05,29.47,1902.65,1.02,2.28
2017,lao,128.87,0.83,2439.46,28.76,2070.77,0.92,2.72
2018,lao,131.5,2.04,2553.36,28.78,1888.32,0.85,2.77
2019,lao,135.87,3.32,2598.51,29.98,1459.63,0.98,2.66
2020,lao,142.8,5.1,2593.36,29.61,1548.98,1.01,2.62
2021,lao,148.16,3.76,2535.62,29.07,1739.64,0.85,
2022,lao,182.18,22.96,2054.43,28.69,2037.69,0.89,
1961,mys ,21.27,0.18,235.53,29.88,2739.01,0.06,
1962,mys ,21.29,0.11,240.44,29.62,3062.08,0.03,
1963,mys ,21.96,3.11,292.58,29.67,2771.73,0.05,
1964,mys ,21.87,0.4,302.68,29.76,2806.84,0.2,
1965,mys ,21.84,0.11,325.19,29.74,2920.87,0.11,
1966,mys ,22.06,0.97,336.56,30,3218.23,0.06,
1967,mys ,23.06,4.58,332.8,29.76,2993.13,0.02,
1968,mys ,23.03,0.16,339.1,29.91,2749.58,0.08,
1969,mys ,22.93,0.41,364.21,30.02,2884.7,0.05,
1970,mys ,23.36,1.84,374.92,29.89,2985.88,0.03,
1971,mys ,23.73,1.61,402.21,29.8,2956.4,0.08,
1972,mys ,24.5,3.23,466.91,30.32,2455.75,0.01,
1973,mys ,27.09,10.56,692.68,30.2,3098.56,0.16,
1974,mys ,31.78,17.33,837.76,29.87,2774.08,0.07,
1975,mys ,33.21,4.49,800.38,29.87,3019.6,0.01,
1976,mys ,34.08,2.63,927.81,29.74,2612.08,0.1,
1977,mys ,35.71,4.79,1075.34,29.88,2830.42,0.18,
1978,mys ,37.45,4.86,1304.07,30.11,2539.96,0.07,
1979,mys ,38.82,3.65,1647.63,30.23,2759.42,0.16,
1980,mys ,41.41,6.67,1852.96,30.19,3018.79,0.26,
1981,mys ,45.43,9.7,1843.35,30.33,2884.86,0.32,
1982,mys ,48.07,5.82,1925.47,30.35,2545.27,0.14,
1983,mys ,49.85,3.7,2123.26,30.56,2652.28,0.31,
1984,mys ,51.79,3.9,2311.17,29.75,3307.62,0.16,
1985,mys ,51.97,0.35,2065.09,30.1,2820.43,0.12,
1986,mys ,52.36,0.74,1782.54,30.13,2752.49,0.18,
1987,mys ,52.51,0.29,2007.17,30.45,2632.75,0.32,
1988,mys ,53.85,2.56,2134.52,30.15,3272.94,0.39,
1989,mys ,55.36,2.81,2282.47,30.09,2702.63,0.27,
1990,mys ,56.81,2.62,2513.24,30.5,2408.61,0.45,3.12
1991,mys ,59.29,4.36,2727.53,30.35,2650.87,0.4,3.61
1992,mys ,62.12,4.77,3193.64,30.36,2442.92,0.22,3.63
1993,mys ,64.31,3.54,3511.53,30.21,2801.28,0.23,3.83
1994,mys ,66.71,3.72,3802.11,30.28,2960.31,0.31,4.07
1995,mys ,69.01,3.45,4405.12,30.19,3189.97,0.45,4.29
1996,mys ,71.42,3.49,4874.82,30.14,3171.09,0.33,4.77
1997,mys ,73.32,2.66,4706.31,30.54,2498.77,0.46,4.99
1998,mys ,77.18,5.27,3308.84,30.83,2638.66,0.61,4.85
1999,mys ,79.3,2.74,3538.36,30.21,3403.99,0.38,5.12
2000,mys ,80.52,1.53,4087.56,30.39,3259.78,0.39,5.42
2001,mys ,81.66,1.42,3941.12,30.52,2965.96,0.53,5.5
2002,mys ,83.14,1.81,4177.1,30.78,2617.4,0.63,5.65
2003,mys ,84.04,1.09,4454.53,30.47,3103.65,0.62,5.82
2004,mys ,85.24,1.42,4924.34,30.46,2779.24,0.53,6.23
2005,mys ,87.77,2.98,5536.84,30.5,2779.18,0.68,6.44
2006,mys ,90.94,3.61,6137.15,30.37,3108.32,0.64,6.55
2007,mys ,92.78,2.03,7144,30.22,3240.14,0.66,6.99
2008,mys ,97.83,5.44,8343.3,30.03,3568.67,0.54,7.32
2009,mys ,98.4,0.58,7167.88,30.39,3395.93,0.66,6.43
2010,mys ,100,1.62,8880.15,30.5,3091.64,0.72,6.96
2011,mys ,103.17,3.17,10209.37,30.26,3435.63,0.61,6.94
2012,mys ,104.89,1.66,10601.51,30.55,3213.04,0.65,6.93
2013,mys ,107.1,2.11,10727.67,30.59,3085.4,0.68,7.4
2014,mys ,110.46,3.14,11045.58,30.56,2801.23,0.74,7.72
2015,mys ,112.79,2.1,9699.6,30.75,2653.04,0.9,7.6
2016,mys ,115.15,2.09,9555.67,31,2829.87,1.02,7.35
2017,mys ,119.61,3.87,9979.7,30.64,3324.94,0.92,7.04
2018,mys ,120.66,0.88,11073.98,30.85,3245.4,0.85,7.45
2019,mys ,121.46,0.66,11132.1,31.11,2589.86,0.98,7.46
2020,mys ,120.08,1.14,10164.34,30.99,3042.18,1.01,7.38
2021,mys ,123.05,2.48,11134.62,30.78,3287.92,0.85,
2022,mys ,127.21,3.38,11993.19,30.68,3484.51,0.89,
1961,myn,0.16,0.15,27.27,28.75,2355.71,1.17,
1962,myn,0.15,1.61,27.95,28.92,1858.8,0.03,
1963,myn,0.15,2.68,25.81,28.86,2155.72,0.05,
1964,myn,0.15,0.46,17.33,28.8,2103.72,0.2,
1965,myn,0.17,17.69,15.11,28.66,2214.95,0.11,
1966,myn,0.22,25.49,11.79,29.12,2089.68,0.06,
1967,myn,0.22,0.83,16.52,28.61,2050.64,0.02,
1968,myn,0.23,2.38,21.5,28.75,2244.38,0.08,
1969,myn,0.22,4.34,21.45,29.26,2038.99,0.05,
1970,myn,0.21,4.01,20.66,28.65,2276.91,0.03,
1971,myn,0.21,2.09,21.04,28.38,2171.1,0.08,
1972,myn,0.23,7.64,23.19,28.97,1897.66,0.01,
1973,myn,0.28,25.2,24.68,28.94,2325.94,0.16,
1974,myn,0.36,25.21,41.19,28.46,2282.7,0.07,
1975,myn,0.47,31.66,34.97,28.68,2128.18,0.01,
1976,myn,0.57,22.38,38.93,28.62,2036.73,0.1,
1977,myn,0.57,1.16,27.68,28.38,1983.85,0.18,
1978,myn,0.53,6.04,29.06,29.03,2058.07,0.07,
1979,myn,0.56,5.67,29.01,29.57,1839.09,0.16,
1980,myn,0.57,0.61,31.02,29.19,2127.11,0.26,
1981,myn,0.57,0.32,32.57,28.64,2056.59,0.32,
1982,myn,0.6,5.3,42.63,28.73,1814.55,0.14,
1983,myn,0.63,5.65,39,28.75,2076.22,0.31,
1984,myn,0.66,4.85,36.06,28.88,1807.82,0.16,
1985,myn,0.71,6.81,40.1,28.83,1942.36,0.12,
1986,myn,0.78,9.33,42.13,29.04,1695.14,0.18,
1987,myn,0.97,24.76,40.87,29.31,1827.95,0.32,
1988,myn,1.12,16.04,39.65,29.31,2197.59,0.39,
1989,myn,1.43,27.2,50.99,29.09,1909.76,0.27,
1990,myn,1.68,17.63,52.75,29.06,1949.66,0.45,0.1
1991,myn,2.22,32.27,50.88,29.03,2026.85,0.4,0.1
1992,myn,2.71,21.91,58.48,28.68,2015.49,0.22,0.1
1993,myn,3.57,31.83,75.69,28.85,1818.62,0.23,0.12
1994,myn,4.43,24.1,104.69,29.17,2093.81,0.31,0.13
1995,myn,5.55,25.19,123.35,29.1,2057,0.45,0.16
1996,myn,6.45,16.28,141.02,28.8,2169.44,0.33,0.17
1997,myn,8.37,29.7,107.39,28.86,2013.39,0.46,0.16
1998,myn,12.68,51.49,145.1,29.67,1967.55,0.61,0.18
1999,myn,15.01,18.4,188.42,29.05,2168.04,0.38,0.19
2000,myn,14.99,0.11,195.55,28.69,2082.23,0.39,0.21
2001,myn,18.15,21.1,140.78,29,2081.19,0.53,0.18
2002,myn,28.52,57.07,145.82,28.96,2209.61,0.63,0.18
2003,myn,38.95,36.59,223.06,28.96,1921.06,0.62,0.22
2004,myn,40.72,4.53,223.23,28.87,2053.25,0.53,0.22
2005,myn,44.53,9.37,251.17,29.25,1937.82,0.68,0.23
2006,myn,53.44,20,301.58,29.28,2248.95,0.64,0.21
2007,myn,72.15,35.02,416.6,28.91,2232.75,0.66,0.22
2008,myn,91.49,26.8,653.87,28.65,2062.18,0.54,0.16
2009,myn,92.83,1.47,752.94,29.47,1935.43,0.66,0.15
2010,myn,100,7.72,1003.03,29.72,2119.22,0.72,0.16
2011,myn,105.02,5.02,1204.5,28.76,2348.92,0.61,0.17
2012,myn,106.56,1.47,1193.55,29.27,1838.93,0.65,0.24
2013,myn,112.58,5.64,1189.96,29.04,2130.81,0.68,0.27
2014,myn,118.15,4.95,1281.44,29.47,1641.56,0.74,0.33
2015,myn,129.32,9.45,1159.34,29.22,1965.6,0.9,0.37
2016,myn,138.28,6.93,1218.22,29.4,2236.57,1.02,0.42
2017,myn,144.61,4.57,1263.29,29.13,2255.79,0.92,0.62
2018,myn,154.54,6.87,1288.42,28.9,2042.34,0.85,0.62
2019,myn,168.18,8.83,1415.38,29.73,1866.29,0.98,0.64
2020,myn,0,0,1479.61,29.53,1982.62,1.01,0.63
2021,myn,0,0,1231.69,29.44,1982.52,0.85,
2022,myn,0,0,1149.21,29.2,2061.44,0.89,
1961,php,1.15,1.6,278.48,30.1,2473.91,0.06,
1962,php,1.21,5.8,164.14,29.96,2694.72,0.03,
1963,php,1.28,5.63,177.33,29.82,2270.4,0.05,
1964,php,1.39,8.18,186.54,30.06,2784.14,0.2,
1965,php,1.42,2.56,198.67,29.87,2485.98,0.11,
1966,php,1.5,5.4,213.29,30.37,2584.84,0.06,
1967,php,1.59,6.25,223.15,29.77,2352.95,0.02,
1968,php,1.63,2.36,242.87,30.17,2048.22,0.08,
1969,php,1.66,1.96,262.41,30.48,2047.38,0.05,
1970,php,1.9,14.38,201.92,30.39,2613.9,0.03,
1971,php,2.31,21.4,217.98,29.74,3005.03,0.08,
1972,php,2.5,8.2,230.07,30.18,2559.17,0.01,
1973,php,2.91,16.58,282.44,30.49,2472.7,0.16,
1974,php,3.91,34.16,377.11,30.02,2656.81,0.07,
1975,php,4.17,6.76,398.05,30.04,2525.88,0.01,
1976,php,4.55,9.2,445.8,29.83,2365.18,0.1,
1977,php,5,9.9,499.1,30.19,2283.02,0.18,
1978,php,5.37,7.33,561.38,30.19,2337.46,0.07,
1979,php,6.31,17.53,662.05,30.48,2162.62,0.16,
1980,php,7.46,18.2,761.02,30.36,2540.65,0.26,
1981,php,8.44,13.08,815.22,30.11,2279.15,0.32,
1982,php,9.3,10.22,828.57,30.27,2168.5,0.14,
1983,php,10.23,10.03,723.08,30.76,2077.79,0.31,
1984,php,15.39,50.34,667.67,30.33,2691.82,0.16,
1985,php,18.94,23.1,637.84,30.49,2614.38,0.12,
1986,php,19.16,1.15,605.73,30.36,2765.21,0.18,
1987,php,19.94,4.07,658.21,31.1,1986.88,0.32,
1988,php,22.7,13.86,734.43,30.9,2613.49,0.39,
1989,php,25.48,12.24,806.85,30.41,2646.44,0.27,
1990,php,28.58,12.18,820.49,30.7,2470.52,0.45,0.66
1991,php,34.09,19.26,821.45,30.63,2057.55,0.4,0.64
1992,php,37.04,8.65,936.15,30.68,1949.32,0.22,0.68
1993,php,39.53,6.72,938.76,30.57,2338.44,0.23,0.72
1994,php,43.63,10.39,1081.43,30.63,2258.06,0.31,0.76
1995,php,46.61,6.83,1222.29,30.4,2700.05,0.45,0.89
1996,php,50.1,7.48,1334.11,30.07,2568.29,0.33,0.94
1997,php,52.9,5.59,1294.11,30.4,2080.62,0.46,1.02
1998,php,57.78,9.23,1000.01,31.14,2198.21,0.61,0.99
1999,php,61.22,5.94,1123.16,30.16,3344.17,0.38,0.94
2000,php,63.65,3.98,1073.26,30.28,3112.97,0.39,0.92
2001,php,67.05,5.35,991.15,30.47,2862.34,0.53,0.88
2002,php,68.88,2.72,1037.17,30.45,2417.42,0.63,0.88
2003,php,70.46,2.29,1049.39,30.42,2738.8,0.62,0.88
2004,php,73.86,4.83,1122.86,30.46,2430.44,0.53,0.88
2005,php,78.67,6.52,1245.29,30.51,2549.97,0.68,0.88
2006,php,82.99,5.49,1452.22,30.52,2538.15,0.64,0.79
2007,php,85.39,2.9,1741.6,30.4,2758.08,0.66,0.82
2008,php,92.45,8.26,1990.36,30.07,3160.46,0.54,0.82
2009,php,96.35,4.22,1893.28,30.15,2818.23,0.66,0.82
2010,php,100,3.79,2201.78,30.55,2598.36,0.72,0.87
2011,php,104.72,4.72,2431.2,30.16,3358.83,0.61,0.86
2012,php,107.89,3.03,2671.78,30.58,2962.25,0.65,0.88
2013,php,110.67,2.58,2847.57,30.6,2729.13,0.68,0.96
2014,php,114.66,3.6,2935.93,30.5,2519.66,0.74,1
2015,php,115.43,0.67,2974.3,30.74,2373.26,0.9,1.08
2016,php,116.88,1.25,3038.15,30.93,2491.47,1.02,1.15
2017,php,120.21,2.85,3077.43,30.4,3176.99,0.92,1.25
2018,php,126.59,5.31,3194.67,30.74,2770.4,0.85,1.28
2019,php,129.62,2.39,3413.85,30.76,2396.16,0.98,1.32
2020,php,132.72,2.39,3224.42,30.87,2534.15,1.01,1.19
2021,php,137.94,3.93,3460.54,30.79,2814.66,0.85,
2022,php,145.97,5.82,3498.51,30.66,3068.66,0.89,
1961,sgd,27.63,0.4,449.15,30.35,2109.54,0.06,
1962,sgd,27.75,0.42,472.08,30.19,2430.49,0.03,
1963,sgd,28.36,2.21,511.2,30.42,1900.73,0.05,
1964,sgd,28.85,1.73,485.53,30.26,3143.91,0.2,
1965,sgd,28.9,0.18,516.53,30.34,2189.77,0.11,
1966,sgd,29.48,2.01,566.8,30.46,2563.65,0.06,
1967,sgd,30.46,3.34,626.03,30.1,3019.72,0.02,
1968,sgd,30.66,0.66,708.6,30.48,2253.6,0.08,
1969,sgd,30.58,0.27,812.68,30.64,2407.16,0.05,
1970,sgd,30.72,0.46,925.8,30.47,2318.44,0.03,
1971,sgd,31.26,1.76,1071.41,30.21,1776.96,0.08,
1972,sgd,31.91,2.08,1264.38,30.64,1869.38,0.01,
1973,sgd,38.18,19.64,1685.46,30.47,2909.38,0.16,
1974,sgd,46.72,22.37,2341.71,30.19,2160.46,0.07,
1975,sgd,47.9,2.54,2489.91,30.15,2129.1,0.01,
1976,sgd,47.02,1.84,2758.94,30.35,2156.98,0.1,
1977,sgd,48.51,3.16,2846.34,30.57,1915.21,0.18,
1978,sgd,50.87,4.87,3193.91,30.59,2870.73,0.07,
1979,sgd,52.95,4.08,3900.53,30.81,2320.84,0.16,
1980,sgd,57.46,8.53,4928.14,30.65,2782.29,0.26,
1981,sgd,62.16,8.18,5596.59,30.86,1841.72,0.32,
1982,sgd,64.6,3.92,6077.63,30.86,1899.39,0.14,
1983,sgd,65.37,1.2,6633.24,31.18,2000.65,0.31,
1984,sgd,67.07,2.6,7228.32,30.3,3092.86,0.16,
1985,sgd,67.39,0.48,7001.77,30.73,2397.09,0.12,
1986,sgd,66.46,1.39,6799.93,30.85,2607.93,0.18,
1987,sgd,66.81,0.52,7539.03,31.14,2559.31,0.32,
1988,sgd,67.82,1.52,8914.44,30.86,2677.6,0.39,
1989,sgd,69.41,2.35,10394.54,30.71,2547.74,0.27,
1990,sgd,71.82,3.46,11861.76,31.22,2025.63,0.45,9.51
1991,sgd,74.28,3.43,14502.38,31.07,2386.1,0.4,9.72
1992,sgd,75.96,2.26,16136.24,31.04,2464.29,0.22,9.72
1993,sgd,77.7,2.29,18290.13,30.88,2640.32,0.23,10.91
1994,sgd,80.11,3.1,21552.41,30.94,2325.27,0.31,11.11
1995,sgd,81.48,1.72,24914.85,30.95,2995.51,0.45,10.66
1996,sgd,82.61,1.38,26232.87,30.98,2652.83,0.33,10.49
1997,sgd,84.27,2,26375.87,31.46,1687.02,0.46,10.05
1998,sgd,84.04,0.27,21829.27,31.69,2207.53,0.61,9.43
1999,sgd,84.05,0.02,21796.64,30.91,2457.97,0.38,9.55
2000,sgd,85.2,1.36,23852.84,31.14,2703.91,0.39,10.46
2001,sgd,86.05,1,21699.74,31.3,2657.65,0.53,10.16
2002,sgd,85.71,0.39,22159.84,31.75,2172.87,0.63,9.89
2003,sgd,86.15,0.51,23730.38,31.3,2846.32,0.62,9.27
2004,sgd,87.58,1.66,27608.08,31.35,2430.41,0.53,9.51
2005,sgd,87.95,0.43,29961.32,31.3,2293.51,0.68,8.65
2006,sgd,88.8,0.96,33768.45,31.04,2620.32,0.64,8.45
2007,sgd,90.67,2.1,39432.89,30.88,2824.8,0.66,8.34
2008,sgd,96.68,6.63,40008.57,30.74,2847.23,0.54,7.94
2009,sgd,97.25,0.6,38926.81,30.99,2494.81,0.66,7.79
2010,sgd,100,2.82,47236.68,31.31,2703.85,0.72,8.35
2011,sgd,105.25,5.25,53891.46,30.89,2760.97,0.61,8.64
2012,sgd,110.06,4.58,55547.56,31.05,2595.82,0.65,8.22
2013,sgd,112.66,2.36,56967.43,31.15,2767.03,0.68,8.13
2014,sgd,113.81,1.03,57564.8,31.32,2132.6,0.74,8.12
2015,sgd,113.22,0.52,55645.61,31.52,1984.05,0.9,8.21
2016,sgd,112.62,0.53,56895.66,31.55,2455.27,1.02,8.02
2017,sgd,113.27,0.58,61164.9,31.22,2625.53,0.92,8.43
2018,sgd,113.76,0.44,66836.52,31.73,2573.56,0.85,8.02
2019,sgd,114.41,0.57,66070.49,32.05,1847.01,0.98,7.92
2020,sgd,114.2,0.18,61273.99,31.84,2484.51,1.01,7.69
2021,sgd,116.83,2.3,77710.09,31.5,3195.1,0.85,
2022,sgd,123.98,6.12,82807.63,31.58,2894.53,0.89,
1961,tha,10.97,7.39,110.73,31.51,1740.1,0.06,
1962,tha,11.37,3.7,117.16,31.64,1586.14,0.03,
1963,tha,11.37,0,121.6,31.56,1664.81,0.05,
1964,tha,11.28,0.79,129.58,31.52,1689.46,0.2,
1965,tha,11.3,0.17,141.85,31.67,1600.65,0.11,
1966,tha,11.76,4.04,165.58,32.01,1762.56,0.06,
1967,tha,12.26,4.31,171.7,31.46,1455.12,0.02,
1968,tha,12.48,1.79,179.87,31.88,1472.85,0.08,
1969,tha,12.79,2.45,192.46,31.88,1639.69,0.05,
1970,tha,12.78,0.09,197.99,31.49,1867.78,0.03,
1971,tha,12.84,0.48,200.36,31,1642.87,0.08,
1972,tha,13.46,4.84,216.15,31.74,1555.46,0.01,
1973,tha,15.55,15.51,278.82,31.82,1589.83,0.16,
1974,tha,19.33,24.31,343.43,31.2,1681.47,0.07,
1975,tha,20.36,5.33,363.81,31.24,1726.68,0.01,
1976,tha,21.2,4.15,405.55,31.42,1598.93,0.1,
1977,tha,22.81,7.6,461.66,31.64,1378.06,0.18,
1978,tha,24.62,7.92,548.01,31.8,1623.1,0.07,
1979,tha,27.06,9.9,611.52,32.52,1294.04,0.16,
1980,tha,32.39,19.7,707.37,32.03,1669.85,0.26,
1981,tha,36.49,12.66,745.73,31.16,1553.21,0.32,
1982,tha,38.41,5.26,767.08,31.36,1504.89,0.14,
1983,tha,39.84,3.73,822.73,31.77,1632.68,0.31,
1984,tha,40.19,0.86,842.07,31.35,1504.35,0.16,
1985,tha,41.16,2.43,768.87,31.36,1539.99,0.12,
1986,tha,41.92,1.84,836.15,31.47,1497.08,0.18,
1987,tha,42.95,2.47,962.96,32.27,1494.28,0.32,
1988,tha,44.61,3.86,1154.58,31.89,1744.1,0.39,
1989,tha,47,5.36,1330,32.07,1419.78,0.27,
1990,tha,49.76,5.86,1545.28,32.28,1529.3,0.45,1.59
1991,tha,52.6,5.71,1751.07,32.4,1425.79,0.4,1.72
1992,tha,54.78,4.14,1957.41,32.13,1370.1,0.22,1.88
1993,tha,56.59,3.31,2230.84,32.15,1330.24,0.23,2.14
1994,tha,59.45,5.05,2502.71,32.05,1653.44,0.31,2.35
1995,tha,62.91,5.82,2848.62,31.99,1669.6,0.45,2.63
1996,tha,66.56,5.81,3039.89,31.48,1754.71,0.33,2.92
1997,tha,70.3,5.63,2462.41,32.26,1390.14,0.46,2.98
1998,tha,75.92,7.99,1841.04,32.95,1520.52,0.61,2.6
1999,tha,76.14,0.28,2028.57,31.28,1771.63,0.38,2.71
2000,tha,77.35,1.59,2004.11,31.68,1760.17,0.39,2.68
2001,tha,78.61,1.63,1889.97,31.76,1593.13,0.53,2.81
2002,tha,79.16,0.7,2091.18,31.9,1645.98,0.63,2.97
2003,tha,80.59,1.8,2350.85,31.96,1539.52,0.62,3.02
2004,tha,82.81,2.76,2647.26,32.02,1438.8,0.53,3.27
2005,tha,86.57,4.54,2876.25,31.99,1581.45,0.68,3.37
2006,tha,90.59,4.64,3343.79,31.97,1714.52,0.64,3.39
2007,tha,92.62,2.24,3934.69,31.84,1662.52,0.66,3.47
2008,tha,97.68,5.47,4327.8,31.29,1712.79,0.54,3.47
2009,tha,96.85,0.85,4154.19,31.9,1638.83,0.66,3.32
2010,tha,100,3.25,4996.37,32.48,1637.71,0.72,3.53
2011,tha,103.81,3.81,5396.64,31.2,1990.16,0.61,3.48
2012,tha,106.94,3.01,5748.63,32.23,1538.85,0.65,3.71
2013,tha,109.28,2.18,6041.13,31.88,1760.87,0.68,3.8
2014,tha,111.35,1.9,5822.38,32.2,1472.06,0.74,3.74
2015,tha,110.34,0.9,5708.79,32.58,1420.21,0.9,3.82
2016,tha,110.55,0.19,5854.46,32.57,1600.27,1.02,3.79
2017,tha,111.29,0.67,6436.79,31.85,1985.24,0.92,3.77
2018,tha,112.47,1.06,7124.56,31.85,1573.64,0.85,3.72
2019,tha,113.27,0.71,7628.58,32.89,1308.5,0.98,3.85
2020,tha,112.31,0.85,7001.79,32.69,1541.5,1.01,3.71
2021,tha,113.69,1.23,7060.9,32.03,1631.11,0.85,
2022,tha,120.6,6.08,6909.96,31.78,2066.47,0.89,
1961,vtm,0,0,0,28.35,1857.23,0.06,
1962,vtm,0,0,0,28.2,1657.31,0.03,
1963,vtm,0,0,0,28.39,1829.7,0.05,
1964,vtm,0,0,0,28.07,1798.64,0.2,
1965,vtm,0,0,0,28.3,1688.08,0.11,
1966,vtm,0,0,0,28.54,1856.94,0.06,
1967,vtm,0,0,0,27.82,1653.28,0.02,
1968,vtm,0,0,0,28.11,1709.15,0.08,
1969,vtm,0,0,0,28.41,1600.59,0.05,
1970,vtm,0,0,0,27.96,1879.93,0.03,
1971,vtm,0,0,0,27.72,1880.04,0.08,
1972,vtm,0,0,0,28.15,1856.56,0.01,
1973,vtm,0,0,0,28.44,1788.05,0.16,
1974,vtm,0,0,0,27.94,1808.18,0.07,
1975,vtm,0,0,0,28.07,1871.84,0.01,
1976,vtm,0,0,0,27.86,1669.16,0.1,
1977,vtm,0,0,0,28.31,1618.55,0.18,
1978,vtm,0,0,0,28.29,1913.66,0.07,
1979,vtm,0,0,0,28.69,1641.64,0.16,
1980,vtm,0,0,0,28.54,1757.42,0.26,
1981,vtm,0,0,0,28.1,1768.1,0.32,
1982,vtm,0,0,0,28.07,1790.95,0.14,
1983,vtm,0,0,0,28.3,1761.88,0.31,
1984,vtm,0,0,0,27.9,1784.7,0.16,
1985,vtm,0,0,235.65,27.92,1757.4,0.12,
1986,vtm,0,0,430.19,28.17,1943.79,0.18,
1987,vtm,0,0,585.3,28.94,1626.73,0.32,
1988,vtm,0,0,397.01,28.42,1652.94,0.39,
1989,vtm,0,0,96.13,28.48,1632.9,0.27,
1990,vtm,0,0,96.72,28.71,1857.97,0.45,0.29
1991,vtm,0,0,140.63,28.76,1689.63,0.4,0.29
1992,vtm,0,0,141.38,28.49,1648.07,0.22,0.3
1993,vtm,0,0,185.19,28.59,1621.31,0.23,0.34
1994,vtm,0,0,224.64,28.64,1924.05,0.31,0.37
1995,vtm,40.17,0,281.13,28.43,1744.15,0.45,0.43
1996,vtm,42.45,5.67,329,28.22,1852.47,0.33,0.47
1997,vtm,43.81,3.21,352.93,28.61,1793.09,0.46,0.54
1998,vtm,46.99,7.27,352.78,29.38,1712.69,0.61,0.59
1999,vtm,48.93,4.12,367.16,28.33,1899.74,0.38,0.59
2000,vtm,48.09,1.71,394.58,28.29,1710.02,0.39,0.65
2001,vtm,47.88,0.43,409.5,28.5,1923.21,0.53,0.71
2002,vtm,49.72,3.83,434.81,28.69,1891.02,0.63,0.82
2003,vtm,51.32,3.23,485.45,28.88,1632.2,0.62,0.87
2004,vtm,55.3,7.75,551.9,28.51,1626,0.53,1.03
2005,vtm,59.88,8.28,693.19,28.52,1801.26,0.68,1.11
2006,vtm,64.33,7.42,790.59,28.76,1743.58,0.64,1.13
2007,vtm,69.69,8.34,913.31,28.44,1762.21,0.66,1.24
2008,vtm,85.81,23.12,1158.1,27.92,1945.05,0.54,1.37
2009,vtm,91.57,6.72,1225.85,28.67,1625.07,0.66,1.53
2010,vtm,100,9.21,1684.01,28.91,1647.79,0.72,1.73
2011,vtm,118.68,18.68,1953.56,27.85,1814.29,0.61,1.77
2012,vtm,129.47,9.09,2190.23,28.59,1875.29,0.65,1.74
2013,vtm,138.01,6.59,2367.5,28.41,1894.16,0.68,1.82
2014,vtm,143.64,4.08,2558.78,28.69,1685.49,0.74,1.98
2015,vtm,144.55,0.63,2595.23,29.06,1762.83,0.9,2.19
2016,vtm,148.41,2.67,2760.72,28.97,1791.49,1.02,2.38
2017,vtm,153.63,3.52,2992.07,28.46,1888.26,0.92,2.44
2018,vtm,159.07,3.54,3267.23,28.52,1796.24,0.85,3.01
2019,vtm,163.52,2.8,3491.09,29.33,1638.74,0.98,3.57
2020,vtm,168.78,3.22,3586.35,28.97,1671.96,1.01,3.68
2021,vtm,171.88,1.83,3756.49,28.79,1761.22,0.85,
2022,vtm,177.31,3.16,4163.51,28.38,1752.34,0.89,
